Flow ID,Source IP,Destination IP,Source Port,Destination Port,Protocol,Predicted Type,Confidence,Duration
113.54.235.70_224.0.0.251_5353_5353_17,113.54.235.70,224.0.0.251,5353,5353,17,NetBIOS,0.99033654,0.000000
113.54.226.174_52.68.243.72_58624_21586_6,113.54.226.174,52.68.243.72,58624,21586,6,BENIGN,0.9141507,0.200876
113.54.237.199_113.54.255.255_5684_5684_17,113.54.237.199,113.54.255.255,5684,5684,17,NetBIOS,0.9320397,0.452250
113.54.239.9_239.255.255.250_2200_2200_17,113.54.239.9,239.255.255.250,2200,2200,17,NetBIOS,0.8288467,0.150692
113.54.233.217_239.255.255.250_59112_1900_17,113.54.233.217,239.255.255.250,59112,1900,17,NetBIOS,0.9572653,0.912384
52.68.243.72_113.54.226.174_21586_58624_6,52.68.243.72,113.54.226.174,21586,58624,6,BENIGN,0.8390893,0.016892
113.54.235.54_224.0.0.251_5353_5353_17,113.54.235.54,224.0.0.251,5353,5353,17,NetBIOS,0.99033654,0.000000
